DTA_CST,COD_CDL,NME_SEG,NME_SBSEG,FXA_INI,FXA_FIM,FXA_UNI,FXA_IGUAL,TAR_SIM,VOL_FXA,VOL_ACU,FAT_FXA,FAT_ACU,TAR_MED
12/02/2019,COMPAGAS,COMERCIAL,NAO POSSUI,0,50,NAO,VERDADEIRO,"2,3904",50,50,"119,52","119,52","2,3904"
12/02/2019,COMPAGAS,COMERCIAL,NAO POSSUI,50,200,NAO,VERDADEIRO,"2,0173",150,200,"302,6","422,12","2,1106"
12/02/2019,COMPAGAS,COMERCIAL,NAO POSSUI,200,800,NAO,VERDADEIRO,"1,8908",600,800,"1134,48","1556,6","1,9457"
12/02/2019,COMPAGAS,COMERCIAL,NAO POSSUI,800,1600,NAO,VERDADEIRO,"1,4920",800,1600,"1193,6","2750,2","1,7189"
12/02/2019,COMPAGAS,INDUSTRIAL,NAO POSSUI,0,500,NAO,VERDADEIRO,"1,8876",500,500,"943,8","943,8","1,8876"
12/02/2019,COMPAGAS,INDUSTRIAL,NAO POSSUI,500,1000,NAO,VERDADEIRO,"1,6399",500,1000,"819,95","1763,75","1,7637"
12/02/2019,COMPAGAS,INDUSTRIAL,NAO POSSUI,1000,2000,NAO,VERDADEIRO,"1,5756",1000,2000,"1575,6","3339,35","1,6697"
12/02/2019,COMPAGAS,INDUSTRIAL,NAO POSSUI,2000,4000,NAO,VERDADEIRO,"1,5469",2000,4000,"3093,8","6433,15","1,6083"
12/02/2019,COMPAGAS,INDUSTRIAL,NAO POSSUI,4000,8000,NAO,VERDADEIRO,"1,5297",4000,8000,"6118,8","12551,95","1,569"
12/02/2019,COMPAGAS,INDUSTRIAL,NAO POSSUI,8000,16000,NAO,VERDADEIRO,"1,5238",8000,16000,"12190,4","24742,35","1,5464"
12/02/2019,COMPAGAS,INDUSTRIAL,NAO POSSUI,16000,32000,NAO,VERDADEIRO,"1,5144",16000,32000,"24230,4","48972,75","1,5304"
12/02/2019,COMPAGAS,INDUSTRIAL,NAO POSSUI,32000,64000,NAO,VERDADEIRO,"1,5077",32000,64000,"48246,4","97219,15","1,519"
12/02/2019,COMPAGAS,INDUSTRIAL,NAO POSSUI,64000,128000,NAO,VERDADEIRO,"1,4969",64000,128000,"95801,6","193020,75","1,508"
12/02/2019,COMPAGAS,RESIDENCIAL,MEDICAO COLETIVA,0,0,SIM,VERDADEIRO,"2,5840",0,0,"0,0","0,0","2,584"
12/02/2019,COMPAGAS,RESIDENCIAL,MEDICAO INDIVIDUAL,0,0,SIM,VERDADEIRO,"2,7274",0,0,"0,0","0,0","2,7274"
12/02/2019,COMPAGAS,VEICULAR,NAO POSSUI,0,0,SIM,VERDADEIRO,"1,3887",0,0,"0,0","0,0","1,3887"
12/02/2019,BAHIAGAS,INDUSTRIAL,NAO POSSUI,0,105,NAO,VERDADEIRO,"3,0043",105,105,"315,45","315,45","3,0043"
12/02/2019,BAHIAGAS,INDUSTRIAL,NAO POSSUI,105,350,NAO,VERDADEIRO,"1,9868",245,350,"486,77","802,22","2,2921"
12/02/2019,BAHIAGAS,INDUSTRIAL,NAO POSSUI,350,1050,NAO,VERDADEIRO,"1,9007",700,1050,"1330,49","2132,71","2,0312"
12/02/2019,BAHIAGAS,INDUSTRIAL,NAO POSSUI,1050,3500,NAO,VERDADEIRO,"1,8579",2450,3500,"4551,86","6684,57","1,9099"
12/02/2019,SERGAS,INDUSTRIAL,NAO POSSUI,0,70,NAO,VERDADEIRO,"2,2976",70,70,"160,83","160,83","2,2976"
12/02/2019,SERGAS,INDUSTRIAL,NAO POSSUI,70,4500,NAO,VERDADEIRO,"1,9386",4430,4500,"8588,0","8748,83","1,9442"
12/02/2019,BAHIAGAS,INDUSTRIAL,NAO POSSUI,3500,7000,NAO,VERDADEIRO,"1,8283",3500,7000,"6399,05","13083,619999999999","1,8691"
12/02/2019,SERGAS,INDUSTRIAL,NAO POSSUI,4500,9000,NAO,VERDADEIRO,"1,9152",4500,9000,"8618,4","17367,23","1,9297"
12/02/2019,SERGAS,INDUSTRIAL,NAO POSSUI,9000,18000,NAO,VERDADEIRO,"1,8915",9000,18000,"17023,5","34390,729999999996","1,9106"
12/02/2019,BAHIAGAS,INDUSTRIAL,NAO POSSUI,7000,42000,NAO,VERDADEIRO,"1,7940",35000,42000,"62790,0","75873,62","1,8065"
12/02/2019,SERGAS,INDUSTRIAL,NAO POSSUI,18000,36000,NAO,VERDADEIRO,"1,8695",18000,36000,"33651,0","68041,73","1,89"
12/02/2019,SERGAS,INDUSTRIAL,NAO POSSUI,36000,72000,NAO,VERDADEIRO,"1,8478",36000,72000,"66520,8","134562,53","1,8689"
12/02/2019,BAHIAGAS,INDUSTRIAL,NAO POSSUI,42000,84000,NAO,VERDADEIRO,"1,7763",42000,84000,"74604,6","150478,22","1,7914"
12/02/2019,SERGAS,INDUSTRIAL,NAO POSSUI,72000,144000,NAO,VERDADEIRO,"1,8258",72000,144000,"131457,6","266020,13","1,8474"
12/02/2019,BAHIAGAS,INDUSTRIAL,NAO POSSUI,84000,140000,NAO,VERDADEIRO,"1,7438",56000,140000,"97652,8","248131,02000000002","1,7724"
12/02/2019,BAHIAGAS,INDUSTRIAL,NAO POSSUI,140000,245000,NAO,VERDADEIRO,"1,7270",105000,245000,"181335,0","429466,02","1,7529"
12/02/2019,SERGAS,INDUSTRIAL,NAO POSSUI,144000,288000,NAO,VERDADEIRO,"1,7465",144000,288000,"251496,0","517516,13","1,7969"
12/02/2019,BAHIAGAS,INDUSTRIAL,NAO POSSUI,245000,420000,NAO,VERDADEIRO,"1,7081",175000,420000,"298917,5","728383,52","1,7342"
12/02/2019,SERGAS,INDUSTRIAL,NAO POSSUI,288000,576000,NAO,VERDADEIRO,"1,7024",288000,576000,"490291,2","1007807,3300000001","1,7497"
12/02/2019,SERGAS,INDUSTRIAL,NAO POSSUI,576000,1152000,NAO,VERDADEIRO,"1,6619",576000,1152000,"957254,4","1965061,73","1,7058"
12/02/2019,BAHIAGAS,INDUSTRIAL,NAO POSSUI,420000,2800000,NAO,VERDADEIRO,"1,6792",2380000,2800000,"3996496,0","4724879,52","1,6875"
12/02/2019,SERGAS,INDUSTRIAL,NAO POSSUI,1152000,2304000,NAO,VERDADEIRO,"1,6407",1152000,2304000,"1890086,4","3855148,13","1,6732"
12/02/2019,SERGAS,COGERACAO,NAO POSSUI,0,20,NAO,VERDADEIRO,"1,7286",20,20,"34,57","34,57","1,7285"
12/02/2019,BAHIAGAS,INDUSTRIAL,NAO POSSUI,2800000,4900000,NAO,VERDADEIRO,"1,6629",2100000,4900000,"3492090,0","8216969,52","1,6769"
12/02/2019,SERGAS,COGERACAO,NAO POSSUI,20,40,NAO,VERDADEIRO,"1,7158",20,40,"34,32","68,89","1,7223"
12/02/2019,SERGAS,COGERACAO,NAO POSSUI,40,80,NAO,VERDADEIRO,"1,7030",40,80,"68,12","137,01","1,7126"
12/02/2019,CEGAS,INDUSTRIAL,NAO POSSUI,0,200,NAO,VERDADEIRO,"1,7326",200,200,"346,52","346,52","1,7326"
12/02/2019,BAHIAGAS,INDUSTRIAL,NAO POSSUI,4900000,7000000,NAO,VERDADEIRO,"1,6498",2100000,7000000,"3464580,0","11681549,52","1,6688"
12/02/2019,BAHIAGAS,INDUSTRIAL,NAO POSSUI,7000000,14000000,NAO,VERDADEIRO,"1,6398",7000000,14000000,"11478600,0","23160149,52","1,6543"
12/02/2019,SERGAS,COGERACAO,NAO POSSUI,80,160,NAO,VERDADEIRO,"1,6902",80,160,"135,22","272,23","1,7014"
12/02/2019,CEGAS,INDUSTRIAL,NAO POSSUI,200,1000,NAO,VERDADEIRO,"1,6933",800,1000,"1354,64","1701,16","1,7012"
12/02/2019,CEGAS,INDUSTRIAL,NAO POSSUI,1000,10000,NAO,VERDADEIRO,"1,6571",9000,10000,"14913,9","16615,06","1,6615"
12/02/2019,BAHIAGAS,VEICULAR,NAO POSSUI,0,0,SIM,VERDADEIRO,"1,6512",0,0,"0,0","0,0","1,6512"
12/02/2019,SERGAS,COGERACAO,NAO POSSUI,160,320,NAO,VERDADEIRO,"1,6774",160,320,"268,38","540,61","1,6894"
12/02/2019,SERGAS,COGERACAO,NAO POSSUI,320,640,NAO,VERDADEIRO,"1,6646",320,640,"532,67","1073,28","1,677"
12/02/2019,CEGAS,INDUSTRIAL,NAO POSSUI,10000,30000,NAO,VERDADEIRO,"1,6258",20000,30000,"32516,0","49131,06","1,6377"
12/02/2019,CEGAS,INDUSTRIAL,NAO POSSUI,30000,60000,NAO,VERDADEIRO,"1,5950",30000,60000,"47850,0","96981,06","1,6164"
12/02/2019,BAHIAGAS,COMERCIAL,NAO POSSUI,0,450,NAO,VERDADEIRO,"3,2806",450,450,"1476,27","1476,27","3,2806"
12/02/2019,SERGAS,COGERACAO,NAO POSSUI,640,1280,NAO,VERDADEIRO,"1,6518",640,1280,"1057,15","2130,4300000000003","1,6644"
12/02/2019,SERGAS,COGERACAO,NAO POSSUI,1280,2560,NAO,VERDADEIRO,"1,6390",1280,2560,"2097,92","4228,35","1,6517"
12/02/2019,CEGAS,INDUSTRIAL,NAO POSSUI,60000,120002,NAO,VERDADEIRO,"1,5649",60002,120002,"93897,13","190878,19","1,5906"
12/02/2019,CEGAS,COGERACAO,NAO POSSUI,0,70000,NAO,VERDADEIRO,"1,5459",70000,70000,"108213,0","108213,0","1,5459"
12/02/2019,BAHIAGAS,COMERCIAL,NAO POSSUI,450,1500,NAO,VERDADEIRO,"2,0658",1050,1500,"2169,09","3645,36","2,4302"
12/02/2019,SERGAS,COGERACAO,NAO POSSUI,2560,5120,NAO,VERDADEIRO,"1,6262",2560,5120,"4163,07","8391,42","1,6389"
12/02/2019,SERGAS,COGERACAO,NAO POSSUI,5120,10240,NAO,VERDADEIRO,"1,6134",5120,10240,"8260,61","16652,03","1,6262"
12/02/2019,CEGAS,COGERACAO,NAO POSSUI,70000,130000,NAO,VERDADEIRO,"1,5129",60000,130000,"90774,0","198987,0","1,5307"
12/02/2019,CEGAS,COGERACAO,NAO POSSUI,130000,230000,NAO,VERDADEIRO,"1,4795",100000,230000,"147950,0","346937,0","1,5084"
12/02/2019,BAHIAGAS,COMERCIAL,NAO POSSUI,1500,4500,NAO,VERDADEIRO,"1,9630",3000,4500,"5889,0","9534,36","2,1187"
12/02/2019,BAHIAGAS,COMERCIAL,NAO POSSUI,4500,15000,NAO,VERDADEIRO,"1,8786",10500,15000,"19725,3","29259,66","1,9506"
12/02/2019,SERGAS,COGERACAO,NAO POSSUI,10240,20480,NAO,VERDADEIRO,"1,6006",10240,20480,"16390,14","33042,17","1,6134"
12/02/2019,CEGAS,COGERACAO,NAO POSSUI,230000,330000,NAO,VERDADEIRO,"1,4467",100000,330000,"144670,0","491607,0","1,4897"
12/02/2019,CEGAS,COGERACAO,NAO POSSUI,330000,670000,NAO,VERDADEIRO,"1,4135",340000,670000,"480590,0","972197,0","1,451"
12/02/2019,BAHIAGAS,COMERCIAL,NAO POSSUI,15000,30000,NAO,VERDADEIRO,"1,8762",15000,30000,"28143,0","57402,66","1,9134"
12/02/2019,SERGAS,VEICULAR,NAO POSSUI,0,0,SIM,VERDADEIRO,"1,8068",0,0,"0,0","0,0","1,8068"
12/02/2019,SERGAS,RESIDENCIAL,NAO POSSUI,0,0,SIM,VERDADEIRO,"3,1224",0,0,"0,0","0,0","3,1224"
12/02/2019,CEGAS,COGERACAO,NAO POSSUI,670000,1340002,NAO,VERDADEIRO,"1,3899",670002,1340002,"931235,78","1903432,78","1,4205"
12/02/2019,CEGAS,VEICULAR,NAO POSSUI,0,0,SIM,VERDADEIRO,"1,8605",0,0,"0,0","0,0","1,8605"
12/02/2019,BAHIAGAS,COMERCIAL,NAO POSSUI,30000,180000,NAO,VERDADEIRO,"1,8352",150000,180000,"275280,0","332682,66000000003","1,8482"
12/02/2019,BAHIAGAS,COMERCIAL,NAO POSSUI,180000,360000,NAO,VERDADEIRO,"1,8078",180000,360000,"325404,0","658086,66","1,828"
12/02/2019,SERGAS,COMERCIAL,NAO POSSUI,0,0,SIM,VERDADEIRO,"2,4244",0,0,"0,0","0,0","2,4244"
12/02/2019,CEGAS,COMPRIMIDO,NAO POSSUI,0,0,SIM,VERDADEIRO,"1,5926",0,0,"0,0","0,0","1,5926"
12/02/2019,CEGAS,COMERCIAL,NAO POSSUI,0,20,NAO,VERDADEIRO,0,20,20,"0,0","0,0","0,0"
12/02/2019,BAHIAGAS,COMERCIAL,NAO POSSUI,360000,600000,NAO,VERDADEIRO,"1,7677",240000,600000,"424248,0","1082334,6600000001","1,8039"
12/02/2019,SERGAS,COMPRIMIDO,NAO POSSUI,0,0,SIM,VERDADEIRO,"1,6044",0,0,"0,0","0,0","1,6044"
12/02/2019,CEGAS,COMERCIAL,NAO POSSUI,20,5000,NAO,VERDADEIRO,"2,4419",4980,5000,"12160,66","12160,66","2,4321"
12/02/2019,CEGAS,COMERCIAL,NAO POSSUI,5000,10000,NAO,VERDADEIRO,"2,0915",5000,10000,"10457,5","22618,16","2,2618"
12/02/2019,BAHIAGAS,COMERCIAL,NAO POSSUI,600000,1050000,NAO,VERDADEIRO,"1,7403",450000,1050000,"783135,0","1865469,6600000001","1,7766"
12/02/2019,BAHIAGAS,COMERCIAL,NAO POSSUI,1050000,1800000,NAO,VERDADEIRO,"1,7160",750000,1800000,"1287000,0","3152469,66","1,7514"
12/02/2019,CEGAS,COMERCIAL,NAO POSSUI,10000,12000,NAO,VERDADEIRO,"2,0849",2000,12000,"4169,8","26787,96","2,2323"
12/02/2019,CEGAS,COMERCIAL,NAO POSSUI,12000,14000,NAO,VERDADEIRO,"2,0783",2000,14000,"4156,6","30944,559999999998","2,2103"
12/02/2019,BAHIAGAS,COMERCIAL,NAO POSSUI,1800000,30000000,NAO,VERDADEIRO,"1,6978",28200000,30000000,"47877960,0","51030429,66","1,701"
12/02/2019,BAHIAGAS,COMERCIAL,NAO POSSUI,30000000,60000000,NAO,VERDADEIRO,"1,6512",30000000,60000000,"49536000,0","100566429,66","1,6761"
12/02/2019,GASMIG,RESIDENCIAL,MEDICAO INDIVIDUAL,0,1,NAO,VERDADEIRO,"0,0000",1,1,"0,0","0,0","0,0"
12/02/2019,CEGAS,COMERCIAL,NAO POSSUI,14000,16000,NAO,VERDADEIRO,"2,0714",2000,16000,"4142,8","35087,36","2,193"
12/02/2019,BAHIAGAS,COGERACAO,NAO POSSUI,0,450,NAO,VERDADEIRO,"2,1957",450,450,"988,06","988,06","2,1957"
12/02/2019,BAHIAGAS,COGERACAO,NAO POSSUI,450,1500,NAO,VERDADEIRO,"1,7624",1050,1500,"1850,52","2838,58","1,8924"
12/02/2019,GASMIG,RESIDENCIAL,MEDICAO INDIVIDUAL,1,7,NAO,VERDADEIRO,"4,5018",6,7,"27,01","27,01","3,8586"
12/02/2019,CEGAS,COMERCIAL,NAO POSSUI,16000,32002,NAO,VERDADEIRO,"2,0648",16002,32002,"33040,93","68128,29000000001","2,1289"
12/02/2019,BAHIAGAS,COGERACAO,NAO POSSUI,1500,4500,NAO,VERDADEIRO,"1,7257",3000,4500,"5177,1","8015,68","1,7813"
12/02/2019,BAHIAGAS,COGERACAO,NAO POSSUI,4500,15000,NAO,VERDADEIRO,"1,6661",10500,15000,"17494,05","25509,73","1,7006"
12/02/2019,POTIGAS,INDUSTRIAL,NAO POSSUI,0,1000,NAO,VERDADEIRO,"2,1471",1000,1000,"2147,1","2147,1","2,1471"
12/02/2019,GASMIG,RESIDENCIAL,MEDICAO INDIVIDUAL,7,16,NAO,VERDADEIRO,"3,7075",9,16,"33,37","60,379999999999995","3,7737"
12/02/2019,CEGAS,RESIDENCIAL,NAO POSSUI,0,20,NAO,VERDADEIRO,0,20,20,"0,0","0,0","0,0"
12/02/2019,CEGAS,RESIDENCIAL,NAO POSSUI,20,5000,NAO,VERDADEIRO,"2,9016",4980,5000,"14449,97","14449,97","2,89"
12/02/2019,BAHIAGAS,COGERACAO,NAO POSSUI,15000,30000,NAO,VERDADEIRO,"1,6654",15000,30000,"24981,0","50490,729999999996","1,683"
12/02/2019,BAHIAGAS,COGERACAO,NAO POSSUI,30000,180000,NAO,VERDADEIRO,"1,6523",150000,180000,"247845,0","298335,73","1,6574"
12/02/2019,SCGAS,INDUSTRIAL,TG1,0,5,NAO,VERDADEIRO,"2,951",5,5,"14,76","14,76","2,952"
12/02/2019,SCGAS,COMERCIAL,NAO POSSUI,0,150,NAO,VERDADEIRO,"3,098",150,150,"464,7","464,7","3,098"
12/02/2019,SCGAS,COMERCIAL,NAO POSSUI,150,300,NAO,VERDADEIRO,"2,313",150,300,"346,95","811,65","2,7055"
12/02/2019,POTIGAS,INDUSTRIAL,NAO POSSUI,1000,5000,NAO,VERDADEIRO,"2,0906",4000,5000,"8362,4","10509,5","2,1019"
12/02/2019,POTIGAS,INDUSTRIAL,NAO POSSUI,5000,10000,NAO,VERDADEIRO,"2,0293",5000,10000,"10146,5","20656,0","2,0656"
12/02/2019,GASMIG,RESIDENCIAL,MEDICAO INDIVIDUAL,16,41,NAO,VERDADEIRO,"3,6308",25,41,"90,77","151,14999999999998","3,6866"
12/02/2019,GASMIG,RESIDENCIAL,MEDICAO INDIVIDUAL,41,200,NAO,VERDADEIRO,"3,4433",159,200,"547,48","698,63","3,4931"
12/02/2019,CEGAS,RESIDENCIAL,NAO POSSUI,5000,10000,NAO,VERDADEIRO,"2,5511",5000,10000,"12755,5","27205,47","2,7205"
12/02/2019,CEGAS,RESIDENCIAL,NAO POSSUI,10000,12000,NAO,VERDADEIRO,"2,5445",2000,12000,"5089,0","32294,47","2,6912"
12/02/2019,BAHIAGAS,COGERACAO,NAO POSSUI,180000,360000,NAO,VERDADEIRO,"1,6436",180000,360000,"295848,0","594183,73","1,6505"
12/02/2019,BAHIAGAS,COGERACAO,NAO POSSUI,360000,600000,NAO,VERDADEIRO,"1,6212",240000,600000,"389088,0","983271,73","1,6388"
12/02/2019,SCGAS,INDUSTRIAL,TG1,5,10,NAO,VERDADEIRO,"2,217",5,10,"11,09","25,85","2,585"
12/02/2019,SCGAS,COMERCIAL,NAO POSSUI,300,2100,NAO,VERDADEIRO,"2,25",1800,2100,"4050,0","4861,65","2,3151"
12/02/2019,SCGAS,COMERCIAL,NAO POSSUI,2100,1000000,NAO,VERDADEIRO,"1,597",997900,1000000,"1593646,3","1598507,95","1,5985"
12/02/2019,PBGAS,INDUSTRIAL,NAO POSSUI,0,700,NAO,VERDADEIRO,"2,0665",700,700,"1446,55","1446,55","2,0665"
12/02/2019,POTIGAS,INDUSTRIAL,NAO POSSUI,10000,25000,NAO,VERDADEIRO,"1,9724",15000,25000,"29586,0","50242,0","2,0097"
12/02/2019,POTIGAS,INDUSTRIAL,NAO POSSUI,25000,50000,NAO,VERDADEIRO,"1,8998",25000,50000,"47495,0","97737,0","1,9547"
12/02/2019,GASMIG,RESIDENCIAL,MEDICAO INDIVIDUAL,200,400,NAO,VERDADEIRO,"3,3244",200,400,"664,88","1363,51","3,4088"
12/02/2019,CEGAS,RESIDENCIAL,NAO POSSUI,12000,14000,NAO,VERDADEIRO,"2,5379",2000,14000,"5075,8","37370,270000000004","2,6693"
12/02/2019,CEGAS,RESIDENCIAL,NAO POSSUI,14000,16000,NAO,VERDADEIRO,"2,5311",2000,16000,"5062,2","42432,47","2,652"
12/02/2019,BAHIAGAS,COGERACAO,NAO POSSUI,600000,1050000,NAO,VERDADEIRO,"1,6041",450000,1050000,"721845,0","1705116,73","1,6239"
12/02/2019,SCGAS,VEICULAR,NAO POSSUI,0,0,SIM,VERDADEIRO,"1,33",0,0,"0,0","0,0","1,33"
12/02/2019,SCGAS,INDUSTRIAL,TG1,10,70,NAO,VERDADEIRO,"2,158",60,70,"129,48","155,32999999999998","2,219"
12/02/2019,PBGAS,INDUSTRIAL,NAO POSSUI,700,3500,NAO,VERDADEIRO,"2,0506",2800,3500,"5741,68","7188,2300000000005","2,0538"
12/02/2019,POTIGAS,INDUSTRIAL,NAO POSSUI,50000,100000,NAO,VERDADEIRO,"1,8244",50000,100000,"91220,0","188957,0","1,8896"
12/02/2019,POTIGAS,INDUSTRIAL,NAO POSSUI,100000,200000,NAO,VERDADEIRO,"1,7192",100000,200000,"171920,0","360877,0","1,8044"
12/02/2019,GASMIG,RESIDENCIAL,MEDICAO COLETIVA,0,150,NAO,VERDADEIRO,"4,0789",150,150,"611,84","611,84","4,0789"
12/02/2019,CEGAS,RESIDENCIAL,NAO POSSUI,16000,32002,NAO,VERDADEIRO,"2,5245",16002,32002,"40397,05","82829,52","2,5883"
12/02/2019,BAHIAGAS,COGERACAO,NAO POSSUI,1050000,1800000,NAO,VERDADEIRO,"1,5888",750000,1800000,"1191600,0","2896716,73","1,6093"
12/02/2019,COMGAS,COMPRIMIDO,NAO POSSUI,0,50000,NAO,VERDADEIRO,"2,440689",50000,50000,"122034,45","122034,45","2,4407"
12/02/2019,SCGAS,INDUSTRIAL,TG1,70,1000,NAO,VERDADEIRO,"1,482",930,1000,"1378,26","1533,59","1,5336"
12/02/2019,SCGAS,INDUSTRIAL,TG1,1000,5000,NAO,VERDADEIRO,"1,44",4000,5000,"5760,0","7293,59","1,4587"
12/02/2019,POTIGAS,INDUSTRIAL,NAO POSSUI,200000,400000,NAO,VERDADEIRO,"1,6139",200000,400000,"322780,0","683657,0","1,7091"
12/02/2019,PBGAS,INDUSTRIAL,NAO POSSUI,3500,7000,NAO,VERDADEIRO,"1,9803",3500,7000,"6931,05","14119,28","2,017"
12/02/2019,PBGAS,INDUSTRIAL,NAO POSSUI,7000,21000,NAO,VERDADEIRO,"1,9078",14000,21000,"26709,2","40828,48","1,9442"
12/02/2019,GASMIG,RESIDENCIAL,MEDICAO COLETIVA,150,1500,NAO,VERDADEIRO,"3,2848",1350,1500,"4434,48","5046,32","3,3642"
12/02/2019,GASMIG,RESIDENCIAL,MEDICAO COLETIVA,1500,3000,NAO,VERDADEIRO,"3,0046",1500,3000,"4506,9","9553,22","3,1844"
12/02/2019,BAHIAGAS,COGERACAO,NAO POSSUI,1800000,30000000,NAO,VERDADEIRO,"1,5773",28200000,30000000,"44479860,0","47376576,73","1,5792"
12/02/2019,COMGAS,COMPRIMIDO,NAO POSSUI,50000,300000,NAO,VERDADEIRO,"1,923686",250000,300000,"480921,5","602955,95","2,0099"
12/02/2019,COMGAS,COMPRIMIDO,NAO POSSUI,300000,500000,NAO,VERDADEIRO,"1,865822",200000,500000,"373164,4","976120,35","1,9522"
12/02/2019,SCGAS,INDUSTRIAL,TG1,5000,10000,NAO,VERDADEIRO,"1,395",5000,10000,"6975,0","14268,59","1,4269"
12/02/2019,SCGAS,INDUSTRIAL,TG1,10000,25000,NAO,VERDADEIRO,"1,365",15000,25000,"20475,0","34743,59","1,3897"
12/02/2019,POTIGAS,INDUSTRIAL,NAO POSSUI,400000,400000,NAO,VERDADEIRO,"1,5674",0,400000,"0,0","683657,0","1,7091"
12/02/2019,PBGAS,INDUSTRIAL,NAO POSSUI,21000,70000,NAO,VERDADEIRO,"1,8673",49000,70000,"91497,7","132326,18","1,8904"
12/02/2019,PBGAS,INDUSTRIAL,NAO POSSUI,70000,105000,NAO,VERDADEIRO,"1,8256",35000,105000,"63896,0","196222,18","1,8688"
12/02/2019,BAHIAGAS,COGERACAO,NAO POSSUI,30000000,60000000,NAO,VERDADEIRO,"1,5483",30000000,60000000,"46449000,0","93825576,72999999","1,5638"
12/02/2019,COMGAS,COMPRIMIDO,NAO POSSUI,500000,1000000,NAO,VERDADEIRO,"1,855183",500000,1000000,"927591,5","1903711,85","1,9037"
12/02/2019,SCGAS,INDUSTRIAL,TG1,25000,50000,NAO,VERDADEIRO,"1,343",25000,50000,"33575,0","68318,59","1,3664"
12/02/2019,SCGAS,INDUSTRIAL,TG1,50000,100000,NAO,VERDADEIRO,"1,32",50000,100000,"66000,0","134318,59","1,3432"
12/02/2019,POTIGAS,COMPRIMIDO,NAO POSSUI,0,0,SIM,VERDADEIRO,"1,8267",0,0,"0,0","0,0","1,8267"
12/02/2019,POTIGAS,VEICULAR,NAO POSSUI,0,0,SIM,VERDADEIRO,"1,9146",0,0,"0,0","0,0","1,9146"
12/02/2019,PBGAS,INDUSTRIAL,NAO POSSUI,105000,210000,NAO,VERDADEIRO,"1,7758",105000,210000,"186459,0","382681,18","1,8223"
12/02/2019,COPERGAS,INDUSTRIAL,GRANDE PORTE,0,1000,NAO,VERDADEIRO,"1,4945",1000,1000,"1494,5","1494,5","1,4945"
12/02/2019,BAHIAGAS,COMPRIMIDO,NAO POSSUI,0,0,SIM,VERDADEIRO,"1,4455",0,0,"0,0","0,0","1,4455"
12/02/2019,BAHIAGAS,RESIDENCIAL,NAO POSSUI,0,20,NAO,VERDADEIRO,"3,1680",20,20,"63,36","63,36","3,168"
12/02/2019,COMGAS,COMPRIMIDO,NAO POSSUI,1000000,2000000,NAO,VERDADEIRO,"1,833438",1000000,2000000,"1833438,0","3737149,85","1,8686"
12/02/2019,COMGAS,COMPRIMIDO,NAO POSSUI,2000000,4000000,NAO,VERDADEIRO,"1,814250",2000000,4000000,"3628500,0","7365649,85","1,8414"
12/02/2019,SCGAS,INDUSTRIAL,TG1,100000,150000,NAO,VERDADEIRO,"1,257",50000,150000,"62850,0","197168,59","1,3145"
12/02/2019,POTIGAS,RESIDENCIAL,NAO POSSUI,0,0,SIM,VERDADEIRO,"2,8003",0,0,"0,0","0,0","2,8003"
12/02/2019,POTIGAS,COMERCIAL,NAO POSSUI,0,0,SIM,VERDADEIRO,"2,8003",0,0,"0,0","0,0","2,8003"
12/02/2019,PBGAS,INDUSTRIAL,NAO POSSUI,210000,350000,NAO,VERDADEIRO,"1,7424",140000,350000,"243936,0","626617,1799999999","1,7903"
12/02/2019,COPERGAS,INDUSTRIAL,GRANDE PORTE,1000,5000,NAO,VERDADEIRO,"1,4703",4000,5000,"5881,2","7375,7","1,4751"
12/02/2019,BAHIAGAS,RESIDENCIAL,NAO POSSUI,20,100,NAO,VERDADEIRO,"2,8392",80,100,"227,14","290,5","2,905"
12/02/2019,BAHIAGAS,RESIDENCIAL,NAO POSSUI,100,850,NAO,VERDADEIRO,"2,6944",750,850,"2020,8","2311,3","2,7192"
12/02/2019,SCGAS,INDUSTRIAL,TG1,150000,200000,NAO,VERDADEIRO,"1,249",50000,200000,"62450,0","259618,59","1,2981"
12/02/2019,SCGAS,INDUSTRIAL,TG1,200000,1000000,NAO,VERDADEIRO,"1,243",800000,1000000,"994400,0","1254018,59","1,254"
12/02/2019,PBGAS,INDUSTRIAL,NAO POSSUI,350000,700000,NAO,VERDADEIRO,"1,6711",350000,700000,"584885,0","1211502,18","1,7307"
12/02/2019,COPERGAS,INDUSTRIAL,GRANDE PORTE,5000,10000,NAO,VERDADEIRO,"1,4574",5000,10000,"7287,0","14662,7","1,4663"
12/02/2019,COPERGAS,INDUSTRIAL,GRANDE PORTE,10000,25000,NAO,VERDADEIRO,"1,4391",15000,25000,"21586,5","36249,2","1,45"
12/02/2019,BAHIAGAS,RESIDENCIAL,NAO POSSUI,850,2500,NAO,VERDADEIRO,"2,6313",1650,2500,"4341,64","6652,9400000000005","2,6612"
12/02/2019,BAHIAGAS,RESIDENCIAL,NAO POSSUI,2500,5000,NAO,VERDADEIRO,"2,5851",2500,5000,"6462,75","13115,69","2,6231"
12/02/2019,PBGAS,INDUSTRIAL,NAO POSSUI,700000,840000,NAO,VERDADEIRO,"1,6035",140000,840000,"224490,0","1435992,18","1,7095"
12/02/2019,COPERGAS,INDUSTRIAL,GRANDE PORTE,25000,50000,NAO,VERDADEIRO,"1,421",25000,50000,"35525,0","71774,2","1,4355"
12/02/2019,COPERGAS,INDUSTRIAL,GRANDE PORTE,50000,100000,NAO,VERDADEIRO,"1,395",50000,100000,"69750,0","141524,2","1,4152"
12/02/2019,PBGAS,INDUSTRIAL,NAO POSSUI,840000,1400000,NAO,VERDADEIRO,"1,5540",560000,1400000,"870240,0","2306232,1799999997","1,6473"
12/02/2019,COPERGAS,INDUSTRIAL,GRANDE PORTE,100000,125000,NAO,VERDADEIRO,"1,3717",25000,125000,"34292,5","175816,7","1,4065"
12/02/2019,COPERGAS,INDUSTRIAL,GRANDE PORTE,125000,150000,NAO,VERDADEIRO,"1,3245",25000,150000,"33112,5","208929,2","1,3929"
12/02/2019,SULGAS,VEICULAR,NAO POSSUI,0,0,SIM,VERDADEIRO,"1,4111",0,0,"0,0","0,0","1,4111"
12/02/2019,PBGAS,INDUSTRIAL,NAO POSSUI,1400000,2800000,NAO,VERDADEIRO,"1,5388",1400000,2800000,"2154320,0","4460552,18","1,5931"
12/02/2019,PBGAS,COMERCIAL,NAO POSSUI,0,20,NAO,VERDADEIRO,0,20,20,"0,0","0,0","0,0"
12/02/2019,COPERGAS,INDUSTRIAL,GRANDE PORTE,150000,175000,NAO,VERDADEIRO,"1,2819",25000,175000,"32047,5","240976,7","1,377"
12/02/2019,PBGAS,COMERCIAL,NAO POSSUI,20,100,NAO,VERDADEIRO,"4,1258",80,100,"330,06","330,06","3,3006"
12/02/2019,PBGAS,COMERCIAL,NAO POSSUI,100,400,NAO,VERDADEIRO,"3,6814",300,400,"1104,42","1434,48","3,5862"
12/02/2019,COPERGAS,INDUSTRIAL,GRANDE PORTE,175000,200000,NAO,VERDADEIRO,"1,2782",25000,200000,"31955,0","272931,7","1,3647"
12/02/2019,PBGAS,COMERCIAL,NAO POSSUI,400,800,NAO,VERDADEIRO,"3,0750",400,800,"1230,0","2664,48","3,3306"
12/02/2019,PBGAS,COMERCIAL,NAO POSSUI,800,12000,NAO,VERDADEIRO,"2,6438",11200,12000,"29610,56","32275,04","2,6896"
12/02/2019,COPERGAS,INDUSTRIAL,GRANDE PORTE,200000,225000,NAO,VERDADEIRO,"1,277",25000,225000,"31925,0","304856,7","1,3549"
12/02/2019,COPERGAS,INDUSTRIAL,GRANDE PORTE,225000,450000,NAO,VERDADEIRO,"1,2758",225000,450000,"287055,0","591911,7","1,3154"
12/02/2019,PBGAS,COMERCIAL,NAO POSSUI,12000,24000,NAO,VERDADEIRO,"1,9567",12000,24000,"23480,4","55755,44","2,3231"
12/02/2019,COPERGAS,COMERCIAL,GRANDE PORTE,0,1000,NAO,VERDADEIRO,"1,4945",1000,1000,"1494,5","1494,5","1,4945"
12/02/2019,PBGAS,RESIDENCIAL,NAO POSSUI,0,20,NAO,VERDADEIRO,0,20,20,"0,0","0,0","0,0"
12/02/2019,PBGAS,RESIDENCIAL,NAO POSSUI,20,40,NAO,VERDADEIRO,"4,4142",20,40,"88,28","88,28","2,207"
12/02/2019,COPERGAS,COMERCIAL,GRANDE PORTE,1000,5000,NAO,VERDADEIRO,"1,4703",4000,5000,"5881,2","7375,7","1,4751"
12/02/2019,PBGAS,VEICULAR,NAO POSSUI,0,0,SIM,VERDADEIRO,"1,8674",0,0,"0,0","0,0","1,8674"
12/02/2019,PBGAS,COMPRIMIDO,NAO POSSUI,0,0,SIM,VERDADEIRO,"1,6186",0,0,"0,0","0,0","1,6186"
12/02/2019,COPERGAS,COMERCIAL,GRANDE PORTE,5000,10000,NAO,VERDADEIRO,"1,4574",5000,10000,"7287,0","14662,7","1,4663"
12/02/2019,COPERGAS,COMERCIAL,GRANDE PORTE,10000,25000,NAO,VERDADEIRO,"1,4391",15000,25000,"21586,5","36249,2","1,45"
12/02/2019,COPERGAS,COMERCIAL,GRANDE PORTE,25000,50000,NAO,VERDADEIRO,"1,421",25000,50000,"35525,0","71774,2","1,4355"
12/02/2019,COPERGAS,COMERCIAL,GRANDE PORTE,50000,100000,NAO,VERDADEIRO,"1,395",50000,100000,"69750,0","141524,2","1,4152"
12/02/2019,COPERGAS,COMERCIAL,GRANDE PORTE,100000,125000,NAO,VERDADEIRO,"1,3717",25000,125000,"34292,5","175816,7","1,4065"
12/02/2019,COPERGAS,COMERCIAL,GRANDE PORTE,125000,150000,NAO,VERDADEIRO,"1,3245",25000,150000,"33112,5","208929,2","1,3929"
12/02/2019,COPERGAS,COMERCIAL,GRANDE PORTE,150000,175000,NAO,VERDADEIRO,"1,2819",25000,175000,"32047,5","240976,7","1,377"
12/02/2019,COPERGAS,COMERCIAL,GRANDE PORTE,175000,200000,NAO,VERDADEIRO,"1,2782",25000,200000,"31955,0","272931,7","1,3647"
12/02/2019,COPERGAS,COMERCIAL,GRANDE PORTE,200000,225000,NAO,VERDADEIRO,"1,277",25000,225000,"31925,0","304856,7","1,3549"
12/02/2019,COPERGAS,COMERCIAL,GRANDE PORTE,225000,450000,NAO,VERDADEIRO,"1,2758",225000,450000,"287055,0","591911,7","1,3154"
12/02/2019,COPERGAS,INDUSTRIAL,PEQUENO PORTE,0,30,NAO,VERDADEIRO,"3,8219",30,30,"114,66","114,66","3,822"
12/02/2019,COPERGAS,INDUSTRIAL,PEQUENO PORTE,30,150,NAO,VERDADEIRO,"2,5354",120,150,"304,25","418,90999999999997","2,7927"
12/02/2019,SULGAS,RESIDENCIAL,NAO POSSUI,0,120,NAO,VERDADEIRO,"3,889",120,120,"466,68","466,68","3,889"
12/02/2019,GASMIG,COMPRIMIDO,NAO POSSUI,0,0,SIM,VERDADEIRO,"1,7378",0,0,"0,0","0,0","1,7378"
12/02/2019,COPERGAS,INDUSTRIAL,PEQUENO PORTE,150,3000,NAO,VERDADEIRO,"1,8552",2850,3000,"5287,32","5706,23","1,9021"
12/02/2019,SULGAS,RESIDENCIAL,NAO POSSUI,120,240,NAO,VERDADEIRO,"3,695",120,240,"443,4","910,0799999999999","3,792"
12/02/2019,SULGAS,RESIDENCIAL,NAO POSSUI,240,480,NAO,VERDADEIRO,"3,306",240,480,"793,44","1703,52","3,549"
12/02/2019,COPERGAS,INDUSTRIAL,PEQUENO PORTE,3000,9000,NAO,VERDADEIRO,"1,8507",6000,9000,"11104,2","16810,43","1,8678"
12/02/2019,COPERGAS,INDUSTRIAL,PEQUENO PORTE,9000,18000,NAO,VERDADEIRO,"1,7694",9000,18000,"15924,6","32735,03","1,8186"
12/02/2019,SULGAS,RESIDENCIAL,NAO POSSUI,480,960,NAO,VERDADEIRO,"3,111",480,960,"1493,28","3196,8","3,33"
12/02/2019,COMGAS,VEICULAR,Postos,0,0,SIM,VERDADEIRO,"1,790374",0,0,"0,0","0,0","1,7904"
12/02/2019,COMGAS,VEICULAR,Transporte PÃºblico,0,0,SIM,VERDADEIRO,"1,699458",0,0,"0,0","0,0","1,6995"
12/02/2019,COMGAS,VEICULAR,Frotas,0,0,SIM,VERDADEIRO,"1,699458",0,0,"0,0","0,0","1,6995"
12/02/2019,COMGAS,COMERCIAL,NAO POSSUI,0,0,NAO,VERDADEIRO,0,0,0,"0,0","0,0","0,0"
12/02/2019,COPERGAS,COMERCIAL,PEQUENO PORTE,0,30,NAO,VERDADEIRO,"3,8219",30,30,"114,66","114,66","3,822"
12/02/2019,COPERGAS,COMERCIAL,PEQUENO PORTE,30,150,NAO,VERDADEIRO,"2,5354",120,150,"304,25","418,90999999999997","2,7927"
12/02/2019,SULGAS,RESIDENCIAL,NAO POSSUI,960,1920,NAO,VERDADEIRO,"2,917",960,1920,"2800,32","5997,120000000001","3,1235"
12/02/2019,SULGAS,RESIDENCIAL,NAO POSSUI,1920,3840,NAO,VERDADEIRO,"2,722",1920,3840,"5226,24","11223,36","2,9228"
12/02/2019,COMGAS,INDUSTRIAL,NAO POSSUI,0,50000,NAO,VERDADEIRO,"2,639091",50000,50000,"131954,55","131954,55","2,6391"
12/02/2019,COMGAS,COMERCIAL,NAO POSSUI,0,50,NAO,VERDADEIRO,"4,77502",50,50,"238,75","238,75","4,775"
12/02/2019,COPERGAS,COMERCIAL,PEQUENO PORTE,150,3000,NAO,VERDADEIRO,"1,8552",2850,3000,"5287,32","5706,23","1,9021"
12/02/2019,COPERGAS,COMERCIAL,PEQUENO PORTE,3000,9000,NAO,VERDADEIRO,"1,8507",6000,9000,"11104,2","16810,43","1,8678"
12/02/2019,SULGAS,RESIDENCIAL,NAO POSSUI,3840,7680,NAO,VERDADEIRO,"2,528",3840,7680,"9707,52","20930,88","2,7254"
12/02/2019,COMGAS,INDUSTRIAL,NAO POSSUI,50000,300000,NAO,VERDADEIRO,"2,008362",250000,300000,"502090,5","634045,05","2,1135"
12/02/2019,COMGAS,COMERCIAL,NAO POSSUI,50,150,NAO,VERDADEIRO,"4,364449",100,150,"436,44","675,19","4,5013"
12/02/2019,COMGAS,COMERCIAL,NAO POSSUI,150,500,NAO,VERDADEIRO,"4,092451",350,500,"1432,36","2107,55","4,2151"
12/02/2019,COPERGAS,COMERCIAL,PEQUENO PORTE,9000,18000,NAO,VERDADEIRO,"1,7694",9000,18000,"15924,6","32735,03","1,8186"
12/02/2019,COMGAS,INDUSTRIAL,NAO POSSUI,300000,500000,NAO,VERDADEIRO,"1,937772",200000,500000,"387554,4","1021599,4500000001","2,0432"
12/02/2019,COMGAS,INDUSTRIAL,NAO POSSUI,500000,1000000,NAO,VERDADEIRO,"1,924792",500000,1000000,"962396,0","1983995,4500000002","1,984"
12/02/2019,COMGAS,COMERCIAL,NAO POSSUI,500,2000,NAO,VERDADEIRO,"3,850147",1500,2000,"5775,22","7882,77","3,9414"
12/02/2019,COMGAS,COMERCIAL,NAO POSSUI,2000,3500,NAO,VERDADEIRO,"3,461190",1500,3500,"5191,79","13074,560000000001","3,7356"
12/02/2019,COPERGAS,RESIDENCIAL,NAO POSSUI,0,30,NAO,VERDADEIRO,"3,1835",30,30,"95,5","95,5","3,1833"
12/02/2019,COMGAS,INDUSTRIAL,NAO POSSUI,1000000,2000000,NAO,VERDADEIRO,"1,898264",1000000,2000000,"1898264,0","3882259,45","1,9411"
12/02/2019,COMGAS,INDUSTRIAL,NAO POSSUI,2000000,4000000,NAO,VERDADEIRO,"1,874856",2000000,4000000,"3749712,0","7631971,45","1,908"
12/02/2019,COMGAS,COMERCIAL,NAO POSSUI,3500,50000,NAO,VERDADEIRO,"2,681100",46500,50000,"124671,15","137745,71","2,7549"
12/02/2019,COPERGAS,RESIDENCIAL,NAO POSSUI,30,150,NAO,VERDADEIRO,"2,3633",120,150,"283,6","379,1","2,5273"
12/02/2019,COPERGAS,RESIDENCIAL,NAO POSSUI,150,750,NAO,VERDADEIRO,"2,117",600,750,"1270,2","1649,3000000000002","2,1991"
12/02/2019,COMGAS,COMERCIAL,NAO POSSUI,50000,100000,NAO,VERDADEIRO,"2,557929",50000,100000,"127896,45","265642,16","2,6564"
12/02/2019,COPERGAS,RESIDENCIAL,NAO POSSUI,750,3000,NAO,VERDADEIRO,"2,0348",2250,3000,"4578,3","6227,6","2,0759"
12/02/2019,COPERGAS,RESIDENCIAL,NAO POSSUI,3000,6000,NAO,VERDADEIRO,"1,9528",3000,6000,"5858,4","12086,0","2,0143"
12/02/2019,COPERGAS,VEICULAR,NAO POSSUI,0,0,SIM,VERDADEIRO,"1,3231",0,0,"0,0","0,0","1,3231"
12/02/2019,COPERGAS,COGERACAO,NAO POSSUI,0,1000,NAO,VERDADEIRO,"1,2983",1000,1000,"1298,3","1298,3","1,2983"
12/02/2019,COPERGAS,COGERACAO,NAO POSSUI,1000,5000,NAO,VERDADEIRO,"1,2797",4000,5000,"5118,8","6417,1","1,2834"
12/02/2019,COPERGAS,COGERACAO,NAO POSSUI,5000,10000,NAO,VERDADEIRO,"1,2706",5000,10000,"6353,0","12770,1","1,277"
12/02/2019,COPERGAS,COGERACAO,NAO POSSUI,10000,25000,NAO,VERDADEIRO,"1,2614",15000,25000,"18921,0","31691,1","1,2676"
12/02/2019,COPERGAS,COGERACAO,NAO POSSUI,25000,50000,NAO,VERDADEIRO,"1,2485",25000,50000,"31212,5","62903,6","1,2581"
12/02/2019,COPERGAS,COGERACAO,NAO POSSUI,50000,100000,NAO,VERDADEIRO,"1,2369",50000,100000,"61845,0","124748,6","1,2475"
12/02/2019,SULGAS,COMERCIAL,NAO POSSUI,0,200,NAO,VERDADEIRO,"3,4394",200,200,"687,88","687,88","3,4394"
12/02/2019,SULGAS,COMERCIAL,NAO POSSUI,200,4500,NAO,VERDADEIRO,"3,856",4300,4500,"16580,8","17268,68","3,8375"
12/02/2019,SULGAS,COMERCIAL,NAO POSSUI,4500,7500,NAO,VERDADEIRO,"3,4277",3000,7500,"10283,1","27551,78","3,6736"
12/02/2019,SULGAS,COMERCIAL,NAO POSSUI,7500,10000,NAO,VERDADEIRO,"2,999",2500,10000,"7497,5","35049,28","3,5049"
12/02/2019,SULGAS,COMERCIAL,NAO POSSUI,10000,15000,NAO,VERDADEIRO,"2,6931",5000,15000,"13465,5","48514,78","3,2343"
12/02/2019,SULGAS,COMERCIAL,NAO POSSUI,15000,30000,NAO,VERDADEIRO,"2,5585",15000,30000,"38377,5","86892,28","2,8964"
12/02/2019,GASMIG,COGERACAO,NAO POSSUI,0,5000,NAO,VERDADEIRO,"1,8895",5000,5000,"9447,5","9447,5","1,8895"
12/02/2019,GASMIG,COGERACAO,NAO POSSUI,5000,50000,NAO,VERDADEIRO,"1,8192",45000,50000,"81864,0","91311,5","1,8262"
12/02/2019,GASMIG,COGERACAO,NAO POSSUI,50000,100000,NAO,VERDADEIRO,"1,7826",50000,100000,"89130,0","180441,5","1,8044"
12/02/2019,GASMIG,COGERACAO,NAO POSSUI,100000,500000,NAO,VERDADEIRO,"1,7519",400000,500000,"700760,0","881201,5","1,7624"
12/02/2019,GASMIG,COGERACAO,NAO POSSUI,500000,2000000,NAO,VERDADEIRO,"1,6843",1500000,2000000,"2526450,0","3407651,5","1,7038"
12/02/2019,GASMIG,COGERACAO,NAO POSSUI,2000000,4000000,NAO,VERDADEIRO,"1,6480",2000000,4000000,"3296000,0","6703651,5","1,6759"
12/02/2019,COMGAS,RESIDENCIAL,MEDICAO INDIVIDUAL,0,1,NAO,VERDADEIRO,0,1,1,"0,0","0,0","0,0"
12/02/2019,COMGAS,RESIDENCIAL,MEDICAO INDIVIDUAL,1,3,NAO,VERDADEIRO,"5,829515",2,3,"11,66","11,66","3,8867"
12/02/2019,COMGAS,RESIDENCIAL,MEDICAO INDIVIDUAL,3,7,NAO,VERDADEIRO,"2,889613",4,7,"11,56","23,22","3,3171"
12/02/2019,COMGAS,RESIDENCIAL,MEDICAO INDIVIDUAL,7,14,NAO,VERDADEIRO,"4,616432",7,14,"32,32","55,54","3,9671"
12/02/2019,COMGAS,RESIDENCIAL,MEDICAO INDIVIDUAL,14,34,NAO,VERDADEIRO,"5,108948",20,34,"102,18","157,72","4,6388"
12/02/2019,COMGAS,RESIDENCIAL,MEDICAO INDIVIDUAL,34,600,NAO,VERDADEIRO,"5,466173",566,600,"3093,85","3251,5699999999997","5,4193"
12/02/2019,COMGAS,RESIDENCIAL,MEDICAO INDIVIDUAL,600,1000,NAO,VERDADEIRO,"4,742816",400,1000,"1897,13","5148,7","5,1487"
12/02/2019,COMGAS,RESIDENCIAL,MEDICAO INDIVIDUAL,1000,2000,NAO,VERDADEIRO,"3,369441",1000,2000,"3369,44","8518,14","4,2591"
12/02/2019,SULGAS,INDUSTRIAL,FIRME,0,150,NAO,VERDADEIRO,"2,4768",150,150,"371,52","371,52","2,4768"
12/02/2019,COMGAS,RESIDENCIAL,MEDICAO COLETIVA,0,500,NAO,VERDADEIRO,"4,182631",500,500,"2091,32","2091,32","4,1826"
12/02/2019,COMGAS,RESIDENCIAL,MEDICAO COLETIVA,500,2000,NAO,VERDADEIRO,"4,024730",1500,2000,"6037,1","8128,42","4,0642"
12/02/2019,SULGAS,INDUSTRIAL,FIRME,150,300,NAO,VERDADEIRO,"1,7291",150,300,"259,37","630,89","2,103"
12/02/2019,SULGAS,INDUSTRIAL,FIRME,300,500,NAO,VERDADEIRO,"1,6583",200,500,"331,66","962,55","1,9251"
12/02/2019,COMGAS,RESIDENCIAL,MEDICAO COLETIVA,2000,4000,NAO,VERDADEIRO,"3,858045",2000,4000,"7716,09","15844,51","3,9611"
12/02/2019,SULGAS,INDUSTRIAL,FIRME,500,1500,NAO,VERDADEIRO,"1,6083",1000,1500,"1608,3","2570,85","1,7139"
12/02/2019,SULGAS,INDUSTRIAL,FIRME,1500,5000,NAO,VERDADEIRO,"1,5948",3500,5000,"5581,8","8152,65","1,6305"
12/02/2019,SULGAS,INDUSTRIAL,FIRME,5000,10000,NAO,VERDADEIRO,"1,5497",5000,10000,"7748,5","15901,15","1,5901"
12/02/2019,SULGAS,INDUSTRIAL,FIRME,10000,15000,NAO,VERDADEIRO,"1,5318",5000,15000,"7659,0","23560,15","1,5707"
12/02/2019,SULGAS,INDUSTRIAL,FIRME,15000,25000,NAO,VERDADEIRO,"1,5141",10000,25000,"15141,0","38701,15","1,548"
12/02/2019,SULGAS,INDUSTRIAL,FIRME,25000,50000,NAO,VERDADEIRO,"1,4747",25000,50000,"36867,5","75568,65","1,5114"
12/02/2019,SULGAS,INDUSTRIAL,FIRME,50000,100000,NAO,VERDADEIRO,"1,4218",50000,100000,"71090,0","146658,65","1,4666"
12/02/2019,SULGAS,INDUSTRIAL,FIRME,100000,300000,NAO,VERDADEIRO,"1,3733",200000,300000,"274660,0","421318,65","1,4044"
12/02/2019,SULGAS,INDUSTRIAL,FIRME,300000,500000,NAO,VERDADEIRO,"1,3379",200000,500000,"267580,0","688898,65","1,3778"
12/02/2019,SULGAS,INDUSTRIAL,FIRME,500000,1000000,NAO,VERDADEIRO,"1,3321",500000,1000000,"666050,0","1354948,65","1,3549"
12/02/2019,SULGAS,INDUSTRIAL,PEQUENO PORTE,0,300,NAO,VERDADEIRO,"1,8865",300,300,"565,95","565,95","1,8865"
12/02/2019,SULGAS,INDUSTRIAL,INTERRUPTIVEL,0,500,NAO,VERDADEIRO,"1,8198",500,500,"909,9","909,9","1,8198"
12/02/2019,SULGAS,INDUSTRIAL,INTERRUPTIVEL,500,1000,NAO,VERDADEIRO,"1,7485",500,1000,"874,25","1784,15","1,7842"
12/02/2019,SULGAS,INDUSTRIAL,INTERRUPTIVEL,1000,1500,NAO,VERDADEIRO,"1,7133",500,1500,"856,65","2640,8","1,7605"
12/02/2019,SULGAS,INDUSTRIAL,INTERRUPTIVEL,1500,5000,NAO,VERDADEIRO,"1,6228",3500,5000,"5679,8","8320,6","1,6641"
12/02/2019,SULGAS,INDUSTRIAL,INTERRUPTIVEL,5000,10000,NAO,VERDADEIRO,"1,5643",5000,10000,"7821,5","16142,1","1,6142"
12/02/2019,SULGAS,INDUSTRIAL,INTERRUPTIVEL,10000,15000,NAO,VERDADEIRO,"1,5328",5000,15000,"7664,0","23806,1","1,5871"
12/02/2019,SULGAS,INDUSTRIAL,INTERRUPTIVEL,15000,25000,NAO,VERDADEIRO,"1,5026",10000,25000,"15026,0","38832,1","1,5533"
12/02/2019,SULGAS,INDUSTRIAL,INTERRUPTIVEL,25000,50000,NAO,VERDADEIRO,"1,4587",25000,50000,"36467,5","75299,6","1,506"
12/02/2019,SULGAS,INDUSTRIAL,INTERRUPTIVEL,50000,100000,NAO,VERDADEIRO,"1,4099",50000,100000,"70495,0","145794,6","1,4579"
12/02/2019,SULGAS,INDUSTRIAL,INTERRUPTIVEL,100000,300000,NAO,VERDADEIRO,"1,3699",200000,300000,"273980,0","419774,6","1,3992"
12/02/2019,SULGAS,INDUSTRIAL,INTERRUPTIVEL,300000,500000,NAO,VERDADEIRO,"1,3422",200000,500000,"268440,0","688214,6","1,3764"
12/02/2019,SULGAS,INDUSTRIAL,INTERRUPTIVEL,500000,1000000,NAO,VERDADEIRO,"1,3327",500000,1000000,"666350,0","1354564,6","1,3546"
12/02/2019,SULGAS,COGERACAO,PPT,0,16000,NAO,VERDADEIRO,"1,2623",16000,16000,"20196,8","20196,8","1,2623"
12/02/2019,SULGAS,COGERACAO,PPT,16000,40000,NAO,VERDADEIRO,"1,2255",24000,40000,"29412,0","49608,8","1,2402"
12/02/2019,SULGAS,COGERACAO,PPT,40000,120000,NAO,VERDADEIRO,"1,1744",80000,120000,"93952,0","143560,8","1,1963"
12/02/2019,SULGAS,COGERACAO,PPT,120000,240000,NAO,VERDADEIRO,"1,1135",120000,240000,"133620,0","277180,8","1,1549"
12/02/2019,SULGAS,COGERACAO,PPT,240000,800000,NAO,VERDADEIRO,"1,0713",560000,800000,"599928,0","877108,8","1,0964"
12/02/2019,SULGAS,COGERACAO,PPT,800000,1600000,NAO,VERDADEIRO,"0,9567",800000,1600000,"765360,0","1642468,8","1,0265"
12/02/2019,SULGAS,COGERACAO,HORARIO PONTA,0,8,NAO,VERDADEIRO,"0,0",8,8,"0,0","0,0","0,0"
12/02/2019,SULGAS,COGERACAO,HORARIO PONTA,8,16000,NAO,VERDADEIRO,"1,2816",15992,16000,"20495,35","20495,35","1,281"
12/02/2019,SULGAS,COGERACAO,HORARIO PONTA,16000,32000,NAO,VERDADEIRO,"1,2503",16000,32000,"20004,8","40500,149999999994","1,2656"
12/02/2019,SULGAS,COMPRIMIDO,NAO POSSUI,0,0,SIM,VERDADEIRO,"1,2121",0,0,"0,0","0,0","1,2121"
12/02/2019,SCGAS,INDUSTRIAL,TG2,0,5,NAO,VERDADEIRO,"2,951",5,5,"14,76","14,76","2,952"
12/02/2019,SCGAS,INDUSTRIAL,TG2,5,10,NAO,VERDADEIRO,"2,217",5,10,"11,09","25,85","2,585"
12/02/2019,SCGAS,INDUSTRIAL,TG2,10,70,NAO,VERDADEIRO,"2,158",60,70,"129,48","155,32999999999998","2,219"
12/02/2019,SCGAS,INDUSTRIAL,TG2,70,1000,NAO,VERDADEIRO,"1,482",930,1000,"1378,26","1533,59","1,5336"
12/02/2019,SCGAS,INDUSTRIAL,TG2,1000,5000,NAO,VERDADEIRO,"1,583",4000,5000,"6332,0","7865,59","1,5731"
12/02/2019,SCGAS,INDUSTRIAL,TG2,5000,10000,NAO,VERDADEIRO,"1,542",5000,10000,"7710,0","15575,59","1,5576"
12/02/2019,SCGAS,INDUSTRIAL,TG2,10000,25000,NAO,VERDADEIRO,"1,508",15000,25000,"22620,0","38195,59","1,5278"
12/02/2019,SCGAS,INDUSTRIAL,TG2,25000,50000,NAO,VERDADEIRO,"1,488",25000,50000,"37200,0","75395,59","1,5079"
12/02/2019,SCGAS,INDUSTRIAL,TG2,50000,100000,NAO,VERDADEIRO,"1,468",50000,100000,"73400,0","148795,59","1,488"
12/02/2019,SCGAS,INDUSTRIAL,TG2,100000,150000,NAO,VERDADEIRO,"1,4",50000,150000,"70000,0","218795,59","1,4586"
12/02/2019,SCGAS,INDUSTRIAL,TG2,150000,200000,NAO,VERDADEIRO,"1,396",50000,200000,"69800,0","288595,58999999997","1,443"
12/02/2019,SCGAS,INDUSTRIAL,TG2,200000,1000000,NAO,VERDADEIRO,"1,393",800000,1000000,"1114400,0","1402995,5899999999","1,403"
12/02/2019,SCGAS,INDUSTRIAL,TG3,0,5,NAO,VERDADEIRO,"2,655",5,5,"13,27","13,27","2,654"
12/02/2019,SCGAS,INDUSTRIAL,TG3,5,10,NAO,VERDADEIRO,"1,922",5,10,"9,61","22,88","2,288"
12/02/2019,SCGAS,INDUSTRIAL,TG3,10,70,NAO,VERDADEIRO,"1,862",60,70,"111,72","134,6","1,9229"
12/02/2019,SCGAS,INDUSTRIAL,TG3,70,1000,NAO,VERDADEIRO,"1,186",930,1000,"1102,98","1237,58","1,2376"
12/02/2019,SCGAS,INDUSTRIAL,TG3,1000,5000,NAO,VERDADEIRO,"1,297",4000,5000,"5188,0","6425,58","1,2851"
12/02/2019,SCGAS,INDUSTRIAL,TG3,5000,10000,NAO,VERDADEIRO,"1,281",5000,10000,"6405,0","12830,58","1,2831"
12/02/2019,SCGAS,INDUSTRIAL,TG3,10000,25000,NAO,VERDADEIRO,"1,264",15000,25000,"18960,0","31790,58","1,2716"
12/02/2019,SCGAS,INDUSTRIAL,TG3,25000,50000,NAO,VERDADEIRO,"1,248",25000,50000,"31200,0","62990,58","1,2598"
12/02/2019,SCGAS,INDUSTRIAL,TG3,50000,100000,NAO,VERDADEIRO,"1,23",50000,100000,"61500,0","124490,58","1,2449"
12/02/2019,SCGAS,INDUSTRIAL,TG3,100000,150000,NAO,VERDADEIRO,"1,173",50000,150000,"58650,0","183140,58000000002","1,2209"
12/02/2019,SCGAS,INDUSTRIAL,TG3,150000,200000,NAO,VERDADEIRO,"1,17",50000,200000,"58500,0","241640,58000000002","1,2082"
12/02/2019,SCGAS,INDUSTRIAL,TG3,200000,1000000,NAO,VERDADEIRO,"1,17",800000,1000000,"936000,0","1177640,58","1,1776"
12/02/2019,ALGAS,RESIDENCIAL,NAO POSSUI,0,50,NAO,VERDADEIRO,"4,6807",50,50,"234,03","234,03","4,6806"
12/02/2019,ALGAS,RESIDENCIAL,NAO POSSUI,50,100,NAO,VERDADEIRO,"4,0058",50,100,"200,29","434,32","4,3432"
12/02/2019,ALGAS,RESIDENCIAL,NAO POSSUI,100,300,NAO,VERDADEIRO,"3,7442",200,300,"748,84","1183,16","3,9439"
12/02/2019,ALGAS,RESIDENCIAL,NAO POSSUI,300,600,NAO,VERDADEIRO,"3,5637",300,600,"1069,11","2252,27","3,7538"
12/02/2019,SCGAS,RESIDENCIAL,MEDICAO COLETIVA,0,0,SIM,VERDADEIRO,"2,522",0,0,"0,0","0,0","2,522"
12/02/2019,ALGAS,VEICULAR,NAO POSSUI,0,0,SIM,VERDADEIRO,"1,6672",0,0,"0,0","0,0","1,6672"
12/02/2019,ALGAS,COGERACAO,NAO POSSUI,0,500,NAO,VERDADEIRO,"1,7352",500,500,"867,6","867,6","1,7352"
12/02/2019,ALGAS,COGERACAO,NAO POSSUI,500,1000,NAO,VERDADEIRO,"1,7236",500,1000,"861,8","1729,4","1,7294"
12/02/2019,ALGAS,COGERACAO,NAO POSSUI,1000,5000,NAO,VERDADEIRO,"1,7120",4000,5000,"6848,0","8577,4","1,7155"
12/02/2019,ALGAS,COGERACAO,NAO POSSUI,5000,10000,NAO,VERDADEIRO,"1,7004",5000,10000,"8502,0","17079,4","1,7079"
12/02/2019,ALGAS,COGERACAO,NAO POSSUI,10000,20000,NAO,VERDADEIRO,"1,6888",10000,20000,"16888,0","33967,4","1,6984"
12/02/2019,ALGAS,COGERACAO,NAO POSSUI,20000,50000,NAO,VERDADEIRO,"1,6763",30000,50000,"50289,0","84256,4","1,6851"
12/02/2019,ALGAS,COGERACAO,NAO POSSUI,50000,100000,NAO,VERDADEIRO,"1,6640",50000,100000,"83200,0","167456,4","1,6746"
12/02/2019,ALGAS,COGERACAO,NAO POSSUI,100000,150000,NAO,VERDADEIRO,"1,6521",50000,150000,"82605,0","250061,4","1,6671"
12/02/2019,ALGAS,COMERCIAL,NAO POSSUI,0,100,NAO,VERDADEIRO,"3,6555",100,100,"365,55","365,55","3,6555"
12/02/2019,ALGAS,COGERACAO,NAO POSSUI,150000,200000,NAO,VERDADEIRO,"1,6416",50000,200000,"82080,0","332141,4","1,6607"
12/02/2019,ALGAS,COGERACAO,NAO POSSUI,200000,400000,NAO,VERDADEIRO,"1,6312",200000,400000,"326240,0","658381,4","1,646"
12/02/2019,ALGAS,COMERCIAL,NAO POSSUI,100,500,NAO,VERDADEIRO,"3,4385",400,500,"1375,4","1740,95","3,4819"
12/02/2019,ALGAS,INDUSTRIAL,NAO POSSUI,0,100,NAO,VERDADEIRO,"2,0041",100,100,"200,41","200,41","2,0041"
12/02/2019,ALGAS,COMERCIAL,NAO POSSUI,500,1000,NAO,VERDADEIRO,"3,0138",500,1000,"1506,9","3247,8500000000004","3,2479"
12/02/2019,ALGAS,COMERCIAL,NAO POSSUI,1000,1500,NAO,VERDADEIRO,"2,8963",500,1500,"1448,15","4696,0","3,1307"
12/02/2019,ALGAS,INDUSTRIAL,NAO POSSUI,100,500,NAO,VERDADEIRO,"1,8686",400,500,"747,44","947,85","1,8957"
12/02/2019,ALGAS,INDUSTRIAL,NAO POSSUI,500,1000,NAO,VERDADEIRO,"1,8357",500,1000,"917,85","1865,7","1,8657"
12/02/2019,ALGAS,COMERCIAL,NAO POSSUI,1500,3000,NAO,VERDADEIRO,"2,5947",1500,3000,"3892,05","8588,05","2,8627"
12/02/2019,ALGAS,COMERCIAL,NAO POSSUI,3000,6000,NAO,VERDADEIRO,"2,4136",3000,6000,"7240,8","15828,849999999999","2,6381"
12/02/2019,ALGAS,INDUSTRIAL,NAO POSSUI,1000,5000,NAO,VERDADEIRO,"1,7781",4000,5000,"7112,4","8978,1","1,7956"
12/02/2019,ALGAS,INDUSTRIAL,NAO POSSUI,5000,10000,NAO,VERDADEIRO,"1,7068",5000,10000,"8534,0","17512,1","1,7512"
12/02/2019,ALGAS,INDUSTRIAL,NAO POSSUI,10000,20000,NAO,VERDADEIRO,"1,6818",10000,20000,"16818,0","34330,1","1,7165"
12/02/2019,ALGAS,INDUSTRIAL,NAO POSSUI,20000,50000,NAO,VERDADEIRO,"1,6696",30000,50000,"50088,0","84418,1","1,6884"
12/02/2019,ALGAS,INDUSTRIAL,NAO POSSUI,50000,100000,NAO,VERDADEIRO,"1,6576",50000,100000,"82880,0","167298,1","1,673"
12/02/2019,ALGAS,INDUSTRIAL,NAO POSSUI,100000,150000,NAO,VERDADEIRO,"1,6460",50000,150000,"82300,0","249598,1","1,664"
12/02/2019,ALGAS,INDUSTRIAL,NAO POSSUI,150000,200000,NAO,VERDADEIRO,"1,6357",50000,200000,"81785,0","331383,1","1,6569"
12/02/2019,ALGAS,INDUSTRIAL,NAO POSSUI,200000,400000,NAO,VERDADEIRO,"1,6257",200000,400000,"325140,0","656523,1","1,6413"
12/02/2019,GASMIG,COMERCIAL,PEQUENO CLIENTE,0,50,NAO,VERDADEIRO,"4,6530",50,50,"232,65","232,65","4,653"
12/02/2019,GASMIG,COMERCIAL,PEQUENO CLIENTE,50,150,NAO,VERDADEIRO,"3,6949",100,150,"369,49","602,14","4,0143"
12/02/2019,GASMIG,COMERCIAL,PEQUENO CLIENTE,150,300,NAO,VERDADEIRO,"3,5997",150,300,"539,96","1142,1","3,807"
12/02/2019,GASMIG,COMERCIAL,PEQUENO CLIENTE,300,600,NAO,VERDADEIRO,"3,5018",300,600,"1050,54","2192,64","3,6544"
12/02/2019,GASMIG,COMERCIAL,PEQUENO CLIENTE,600,1000,NAO,VERDADEIRO,"3,4852",400,1000,"1394,08","3586,72","3,5867"
12/02/2019,GASMIG,COMERCIAL,PEQUENO CLIENTE,1000,1500,NAO,VERDADEIRO,"3,3187",500,1500,"1659,35","5246,07","3,4974"
12/02/2019,GASMIG,COMERCIAL,PEQUENO CLIENTE,1500,2000,NAO,VERDADEIRO,"2,9155",500,2000,"1457,75","6703,82","3,3519"
12/02/2019,GASMIG,COMERCIAL,PEQUENO CLIENTE,2000,4000,NAO,VERDADEIRO,"2,7331",2000,4000,"5466,2","12170,02","3,0425"
12/02/2019,GASMIG,COMERCIAL,NAO POSSUI,0,250,NAO,VERDADEIRO,0,250,250,"0,0","0,0","0,0"
12/02/2019,GASMIG,COMERCIAL,NAO POSSUI,250,1000,NAO,VERDADEIRO,"2,7762",750,1000,"2082,15","2082,15","2,0821"
12/02/2019,GASMIG,COMERCIAL,NAO POSSUI,1000,2500,NAO,VERDADEIRO,"2,0838",1500,2500,"3125,7","5207,85","2,0831"
12/02/2019,GASMIG,COMERCIAL,NAO POSSUI,2500,5000,NAO,VERDADEIRO,"2,0558",2500,5000,"5139,5","10347,35","2,0695"
12/02/2019,GASMIG,COMERCIAL,NAO POSSUI,5000,12500,NAO,VERDADEIRO,"1,9260",7500,12500,"14445,0","24792,35","1,9834"
12/02/2019,GASMIG,COMERCIAL,NAO POSSUI,12500,25000,NAO,VERDADEIRO,"1,9173",12500,25000,"23966,25","48758,6","1,9503"
12/02/2019,GASMIG,COMERCIAL,NAO POSSUI,25000,50000,NAO,VERDADEIRO,"1,9132",25000,50000,"47830,0","96588,6","1,9318"
12/02/2019,GASMIG,INDUSTRIAL,NAO POSSUI,0,1250,NAO,VERDADEIRO,"2,3820",1250,1250,"2977,5","2977,5","2,382"
12/02/2019,GASMIG,INDUSTRIAL,NAO POSSUI,1250,2500,NAO,VERDADEIRO,"1,8278",1250,2500,"2284,75","5262,25","2,1049"
12/02/2019,GASMIG,INDUSTRIAL,NAO POSSUI,2500,6250,NAO,VERDADEIRO,"1,8072",3750,6250,"6777,0","12039,25","1,9263"
12/02/2019,GASMIG,INDUSTRIAL,NAO POSSUI,6250,12500,NAO,VERDADEIRO,"1,7746",6250,12500,"11091,25","23130,5","1,8504"
12/02/2019,GASMIG,INDUSTRIAL,NAO POSSUI,12500,62500,NAO,VERDADEIRO,"1,7671",50000,62500,"88355,0","111485,5","1,7838"
12/02/2019,GASMIG,INDUSTRIAL,NAO POSSUI,62500,187500,NAO,VERDADEIRO,"1,7630",125000,187500,"220375,0","331860,5","1,7699"
12/02/2019,GASMIG,INDUSTRIAL,NAO POSSUI,187500,375000,NAO,VERDADEIRO,"1,7422",187500,375000,"326662,5","658523,0","1,7561"
12/02/2019,GASMIG,INDUSTRIAL,NAO POSSUI,375000,750000,NAO,VERDADEIRO,"1,7231",375000,750000,"646162,5","1304685,5","1,7396"
12/02/2019,GASMIG,INDUSTRIAL,NAO POSSUI,750000,1500000,NAO,VERDADEIRO,"1,6902",750000,1500000,"1267650,0","2572335,5","1,7149"
12/02/2019,GASMIG,INDUSTRIAL,NAO POSSUI,1500000,2000000,NAO,VERDADEIRO,"1,6689",500000,2000000,"834450,0","3406785,5","1,7034"
12/02/2019,GASMIG,INDUSTRIAL,NAO POSSUI,2000000,3000000,NAO,VERDADEIRO,"1,6345",1000000,3000000,"1634500,0","5041285,5","1,6804"
12/02/2019,GASMIG,INDUSTRIAL,NAO POSSUI,3000000,4000000,NAO,VERDADEIRO,"1,5971",1000000,4000000,"1597100,0","6638385,5","1,6596"
12/02/2019,GASMIG,INDUSTRIAL,NAO POSSUI,4000000,8000000,NAO,VERDADEIRO,"1,5668",4000000,8000000,"6267200,0","12905585,5","1,6132"
12/02/2019,GASMIG,INDUSTRIAL,USO GERAL,0,250,NAO,VERDADEIRO,0,250,250,"0,0","0,0","0,0"
12/02/2019,GASMIG,INDUSTRIAL,USO GERAL,250,1000,NAO,VERDADEIRO,"2,7762",750,1000,"2082,15","2082,15","2,0821"
12/02/2019,GASMIG,INDUSTRIAL,USO GERAL,1000,2500,NAO,VERDADEIRO,"2,0838",1500,2500,"3125,7","5207,85","2,0831"
12/02/2019,GASMIG,INDUSTRIAL,USO GERAL,2500,5000,NAO,VERDADEIRO,"2,0558",2500,5000,"5139,5","10347,35","2,0695"
12/02/2019,GASMIG,INDUSTRIAL,USO GERAL,5000,12500,NAO,VERDADEIRO,"1,9260",7500,12500,"14445,0","24792,35","1,9834"
12/02/2019,GASMIG,INDUSTRIAL,USO GERAL,12500,25000,NAO,VERDADEIRO,"1,9173",12500,25000,"23966,25","48758,6","1,9503"
12/02/2019,GASMIG,INDUSTRIAL,USO GERAL,25000,50000,NAO,VERDADEIRO,"1,9132",25000,50000,"47830,0","96588,6","1,9318"
